{
	"pages": [
		{
			"path": "pages/index/index",
			"style": {
				"navigationBarTitleText": "亲子银行",
				"navigationBarTextStyle": "white",
				"navigationBarBackgroundColor": "#FF6D43",
				"backgroundColorTop": "#FF6D43",
				//"navigationStyle": "custom",
				"app-plus": {
					"titleView": true,
					"titleNView": {
						"type": "transparent"
					}
				}
			}
		},
		{
			"path": "pages/active/lover",
			"style": {
				"navigationBarTitleText": "情人节"
		
			}
		},
		{
			"path": "pages/active/training",
			"style": { //活动页
				"navigationBarTitleText": "亲子读书日-训练营"
			}
		},
		{
			"path": "pages/voice/knowledgeVideo",
			"style": {
				"navigationBarTitleText": "知识付费播放器"
			}
		},
		{
			"path": "pages/active/newpople",
			"style": {
				"navigationBarTitleText": "新人福利"
			}
		},
		{
			"path": "pages/invitation/invitation",
			"style": {
				"navigationBarTitleText": "邀请有礼"
			}
		},
		{
			"path": "pages/Wishlist/Wishlist",
			"style": {
				"navigationBarTitleText": "",
				"navigationStyle": "custom"

			}
		},
		{
			"path": "pages/Wishlist/list",
			"style": {
				"navigationBarTitleText": "上传记录"
				// "navigationStyle": "custom"

			}
		},





		{
			"path": "pages/active/nymph",
			"style": {
				"navigationBarTitleText": "女神节"

			}
		},
		{
			"path": "pages/deposit/deposit",
			"style": {
				"navigationBarTitleText": "免押租书"
			}
		},
		{
			"path": "pages/order/order",
			"style": {
				"navigationBarTitleText": "我的订单",
				"enablePullDownRefresh": true
			}
		},
		{
			"path": "pages/flow/shopgoods",
			"style": {
				"navigationBarTitleText": "商品订单页"
			}
		},
		{
			"path": "pages/order/shoporder",
			"style": {
				"navigationBarTitleText": "我的订单",
				"enablePullDownRefresh": true
			}
		},
		{
			"path": "pages/active/depositfree",
			"style": { //活动页
				"navigationBarTitleText": "免押金租书"
			}
		},
		{
			"path": "pages/active/safety",
			"style": {
				"navigationBarTitleText": "安全借阅"

			}
		},
		
		
		{
			"path": "pages/voice/index",
			"style": {
				"navigationBarTitleText": "有声绘本"
			}
		},
		{
			"path": "pages/voice/voicedetail",
			"style": {
				"navigationBarTitleText": "详情"
			}
		},

		{
			"path": "pages/voice/voicelist",
			"style": {

				"navigationBarTitleText": "",
				"navigationStyle": "custom"
			}
		},
		{
			"path": "pages/active/group",
			"style": {
				"navigationBarTitleText": "拼团活动"
			}
		},

		{
			"path": "pages/deposit/depositH5",
			"style": {
				"navigationBarTitleText": "免押租书"
			}
		},
		{
			"path": "pages/deposit/orderCode",
			"style": {
				"navigationBarTitleText": ""
			}
		},
		{
			"path": "pages/deposit/H5code",
			"style": {
				"navigationBarTitleText": ""
			}
		},
		{
			"path": "pages/groupList/groupList",
			"style": {
				"navigationBarTitleText": "拼团订单"
			}
		},
		{
			"path": "pages/detail/groupdetail",
			"style": {
				"navigationBarTitleText": "拼团详情页"
			}
		},
		{
			"path": "pages/groupList/groupPlan",
			"style": {
				"navigationBarTitleText": "拼团进度"
			}
		},
		{
			"path": "pages/groupList/teamList",
			"style": {
				"navigationBarTitleText": "拼团成员"
			}
		},
		{
			"path": "pages/flow/groupmember",
			"style": {
				"navigationBarTitleText": "拼团订单页"
			}
		},
		{
			"path": "pages/money/points",
			"style": {
				"navigationBarTitleText": "支付分"
			}
		},

		// #ifdef H5
		{
			"path": "pages/H5fxhb/H5fxhb",
			"style": {
				"navigationBarTitleText": "分享海报"
			}
		},
		// #endif
		{
			"path": "pages/active/twelve",
			"style": {
				"navigationBarTitleText": "双十二欢乐购"
			}
		},
		{
			"path": "pages/detail/double",
			"style": {
				"navigationBarTitleText": "预售详情页"
			}
		},

		// {
		// 	"path": "pages/flow/checkout1",
		// 	"style": {
		// 		"navigationBarTitleText": "创建订单"
		// 	}
		// },
		{
			"path": "pages/bookrack/bookrack",
			"style": {
				"navigationBarTitleText": "书架",
				"enablePullDownRefresh": true
			}
		},
		{
			"path": "pages/plan/plan",
			"style": {
				"navigationBarTitleText": "定制计划"
			}
		},
		{
			"path": "pages/sign/sign",
			"style": {
				"navigationBarTitleText": "签到",
				"app-plus": {
					"bounce": "none"
				}
			}
		},
		{
			"path": "pages/detail/evaluate",
			"style": {
				"navigationBarTitleText": "商品评价",
				"app-plus": {
					"titleNView": {
						"type": "transparent"
					}
				}
			}
		},
		{
			"path": "pages/set/set",
			"style": {
				"navigationBarTitleText": "设置"
			}
		},

		{
			"path": "pages/appoint/appoint",
			"style": {
				"navigationBarTitleText": "预约还书"
			}
		},

		{
			"path": "pages/news/news",
			"style": {
				"navigationBarTitleText": "消息"
			}
		},
		{
			"path": "pages/notice/notice",
			"style": {
				"navigationBarTitleText": "通知"
			}
		},
		{
			"path": "pages/address/address",
			"style": {
				"navigationBarTitleText": "收货地址"
			}
		},

		{
			"path": "pages/help/help",
			"style": {
				"navigationBarTitleText": "帮助"
			}
		},
		{
			"path": "pages/collect/collect",
			"style": {
				"navigationBarTitleText": "收藏"
			}
		},

		{
			"path": "pages/members/members",
			"style": {
				"navigationBarTitleText": "会员计划"
			}
		},
		{
			"path": "pages/index/coupont",
			"style": {
				"navigationBarTitleText": "我的优惠券",
				"enablePullDownRefresh": true
			}
		},
		{
			"path": "pages/flow/checkout",
			"style": {
				"navigationBarTitleText": "创建订单"
			}
		},

		{
			"path": "pages/flow/doublemember",
			"style": {
				"navigationBarTitleText": "创建订单"
			}
		},
		{
			"path": "pages/flow/member",
			"style": {
				"navigationBarTitleText": "创建订单"
			}
		},

		{
			"path": "pages/bcustome/bcustome",
			"style": {
				"navigationBarTitleText": "会员兑换"
			}
		},
		{
			"path": "pages/money/paySuccess",
			"style": {
				"navigationBarTitleText": "支付结果"
			}
		},
		{
			"path": "pages/money/pay",
			"style": {
				"navigationBarTitleText": "支付"
			}
		},
		{
			"path": "pages/warehouse/warehouse",
			"style": {
				"navigationBarTitleText": "库房视频"
			}
		},

		{
			"path": "pages/Parentchild/Parentchild",
			"style": {
				"navigationBarTitleText": "亲子书单",
				"app-plus": {
					"bounce": "none"
				}
			}
		},
		{
			"path": "pages/Parentchild/parentplanlist",
			"style": {
				"navigationBarTitleText": "打卡书单",
				"app-plus": {
					"bounce": "none"
				}
			}
		},
		{
			"path": "pages/famous/famous",
			"style": {
				"navigationBarTitleText": "推荐书单"
			}
		},
		{
			"path": "pages/expert/expert",
			"style": {
				"navigationBarTitleText": "专家推荐"
			}
		},

		{
			"path": "pages/RecDetail/RecDetail",
			"style": {
				"navigationBarTitleText": "书单详情"
			}
		},
		{
			"path": "pages/address/addressManage",
			"style": {
				"navigationBarTitleText": ""
			}
		},
		{
			"path": "pages/index/account",
			"style": {
				"navigationBarTitleText": "押金",
				// #ifdef MP
				"navigationStyle": "custom",
				// #endif
				"app-plus": {
					"bounce": "none",
					"titleNView": {
						"type": "transparent",
						"buttons": [{
								"fontSrc": "/static/yticon.ttf",
								"text": "\ue60f",
								"fontSize": "24",
								"color": "#303133",
								"width": "46px",
								"background": "rgba(0,0,0,0)"
							},
							{
								"fontSrc": "/static/yticon.ttf",
								"text": "\ue744",
								"fontSize": "28",
								"color": "#303133",
								"background": "rgba(0,0,0,0)",
								"redDot": true
							}
						]
					}
				}
			}
		},
		{
			"path": "pages/Candy/CandyRule",
			"style": {
				"navigationBarTitleText": ""
			}
		},
		{
			"path": "pages/Candy/CandyStore",
			"style": {
				"navigationBarTitleText": ""
			}
		},
		{
			"path": "pages/Candy/GainCandy",
			"style": {
				"navigationBarTitleText": ""
			}
		},
		{
			"path": "pages/Candy/Candy",
			"style": {
				"navigationBarTitleText": "糖豆",
				// #ifdef MP
				"navigationStyle": "custom",
				// #endif
				"app-plus": {
					"bounce": "none",
					"titleNView": {
						"type": "transparent",
						"buttons": [{
								"fontSrc": "/static/yticon.ttf",
								"text": "\ue60f",
								"fontSize": "24",
								"color": "#303133",
								"width": "46px",
								"background": "rgba(0,0,0,0)"
							},
							{
								"fontSrc": "/static/yticon.ttf",
								"text": "\ue744",
								"fontSize": "28",
								"color": "#303133",
								"background": "rgba(0,0,0,0)",
								"redDot": true
							}
						]
					}
				}
			}
		},

		{
			"path": "pages/order/createOrder",
			"style": {
				"navigationBarTitleText": "订单详情",
				// #ifdef MP
				"navigationStyle": "custom",
				// #endif
				"app-plus": {
					"bounce": "none",
					"titleNView": {
						"type": "transparent",
						"buttons": [{
								"fontSrc": "/static/yticon.ttf",
								"text": "\ue60f",
								"fontSize": "24",
								"color": "#303133",
								"width": "46px",
								"background": "rgba(0,0,0,0)"
							},
							{
								"fontSrc": "/static/yticon.ttf",
								"text": "\ue744",
								"fontSize": "28",
								"color": "#303133",
								"background": "rgba(0,0,0,0)",
								"redDot": true
							}
						]
					}
				}
			}
		},

		// {
		// 	"path" : "pages/index/index",
		// 	"style" : {
		// 		
		// 		"navigationBarTitleText" : "ABCbook亲子阅读",
		// 		"enablePullDownRefresh" : true,
		// 		"navigationBarTextStyle":"white",
		// 		"navigationBarBackgroundColor":"#FF6D43",
		// 		"backgroundColorTop":"#FF6D43"
		// 	}
		// },




		{
			"path": "pages/index/addjoin",
			"style": {
				"navigationBarTitleText": "加入会员",
				"enablePullDownRefresh": true
			}
		},

		{
			"path": "pages/user/user",
			"style": {
				"navigationBarTitleText": "我的",
				"enablePullDownRefresh": true,
				// #ifdef MP
				"navigationStyle": "custom",
				// #endif
				"app-plus": {
					"bounce": "none",
					"titleNView": {
						"type": "transparent",
						"buttons": [{
								"fontSrc": "/static/yticon.ttf",
								"text": "\ue60f",
								"fontSize": "24",
								"color": "#303133",
								"width": "46px",
								"background": "rgba(0,0,0,0)"
							},
							{
								"fontSrc": "/static/yticon.ttf",
								"text": "\ue744",
								"fontSize": "28",
								"color": "#303133",
								"background": "rgba(0,0,0,0)",
								"redDot": true
							}
						]
					}
				}
			}
		},
		{
			"path": "pages/index/Cityselection",
			"style": {
				"navigationBarTitleText": "城市选择"
			}
		},

		{
			"path": "pages/search/search",
			"style": {
				"navigationBarTitleText": "搜索"
			}
		},
		{
			"path": "pages/search/agesearch",
			"style": {
				"navigationBarTitleText": "选书"
			}
		},

		{
			"path": "pages/public/login",
			"style": {
				"navigationBarTitleText": "登录",
				"navigationStyle": "custom",
				"app-plus": {
					"titleNView": false,
					"animationType": "slide-in-bottom"
				}
			}
		},
		{
			"path": "pages/public/register",
			"style": {
				"navigationBarTitleText": "注册",
				"navigationStyle": "custom",
				"app-plus": {
					"titleNView": false,
					"animationType": "slide-in-bottom"
				}
			}
		},
		{
			"path": "pages/public/registerSJ",
			"style": {
				"navigationBarTitleText": "注册",
				"app-plus": {
					"titleNView": false,
					"animationType": "slide-in-bottom"
				}
			}
		},
		{
			"path": "pages/detail/detail",
			"style": {
				"navigationBarTitleText": "详情",
				"app-plus": {
					"titleNView": {
						"type": "transparent"
					}
				}
			}
		},
		{
			"path": "pages/detail/knowdetail",
			"style": {
				"navigationBarTitleText": "知识详情"
			}
		},

		{
			"path": "pages/choiceBook/choiceBook",
			"style": {
				"navigationBarTitleText": "选书",
				"app-plus": {
					"bounce": "none"
				}
			}
		},
		{
			"path": "pages/money/money",
			"style": {}
		},

		{
			"path": "pages/category/category",
			"style": {
				"navigationBarTitleText": "分类",
				"app-plus": {
					"bounce": "none"
				}
			}
		},
		{
			"path": "pages/product/list",
			"style": {
				"enablePullDownRefresh": true,
				"navigationBarTitleText": "商品列表"
			}
		},

		{
			"path": "pages/directions/directions",
			"style": {
				"navigationBarTitleText": "使用说明"
			}
		},
		{
			"path": "pages/search/searchone",
			"style": {
				"navigationBarTitleText": "搜索"
			}
		},
		{
			"path": "components/w-picker/w-picker",
			"style": {}

		}
        ,{
            "path" : "pages/classify/classify",
            "style" : {
				"navigationStyle": "custom"
			}
        }
    ],
	"globalStyle": {
		"navigationBarTextStyle": "black",
		"navigationBarTitleText": "uni-app",
		"navigationBarBackgroundColor": "#FFFFFF",
		"backgroundColor": "#f8f8f8"
	},

	"subpackages": [{
		"root": "packageA",
		"pages": [
			"pages/home/home"
		],
		"plugins": {
			"live-player-plugin": {
				"version": "1.0.0", // 填写该直播组件最新版本号，微信开发者工具调试时可获取最新版本号
				"provider": "wxe8c5d13fcceb7b3d" // 必须填该直播组件appid，该示例值即为直播组件appid
			}
		}
	}]
}
